Type,Epic,Feature,Story,Task,Template,ResourceType,HoursEffort,DurationDays,Description,Assumptions,EpicStatus,FeatureStatus,StoryStatus
Epic,Service Enablement,,,,,,,,,,active,,
Feature,Service Enablement,Fabric - Azure,,,,,,,,,,active,
Story,Service Enablement,Fabric - Azure,Fabric Capacity,,Service Enablement Activities,,,,,,,,active
Task,Service Enablement,Fabric - Azure,Fabric Capacity,Requirements,,Principal Engineer - Cloud & DevOps,7.6,1,,,,,
Task,Service Enablement,Fabric - Azure,Fabric Capacity,Pilot,,Principal Engineer - Cloud & DevOps,38,5,,,,,
Task,Service Enablement,Fabric - Azure,Fabric Capacity,Design,,Principal Engineer - Cloud & DevOps,24.7,3.25,,,,,
Task,Service Enablement,Fabric - Azure,Fabric Capacity,Monitoring Development,,Principal Engineer - Cloud & DevOps,15.2,2,,,,,
Task,Service Enablement,Fabric - Azure,Fabric Capacity,Module Development,,Principal Engineer - Cloud & DevOps,15.2,2,,,,,
Task,Service Enablement,Fabric - Azure,Fabric Capacity,Unit Testing,,Principal Engineer - Cloud & DevOps,15.2,2,,,,,
Task,Service Enablement,Fabric - Azure,Fabric Capacity,Azure Policy Development,,Principal Engineer - Cloud & DevOps,15.2,2,,,,,
Task,Service Enablement,Fabric - Azure,Fabric Capacity,Module Usage Example,,Principal Engineer - Cloud & DevOps,15.2,2,,,,,
Task,Service Enablement,Fabric - Azure,Fabric Capacity,Technical Oversight,,Principal Engineer - Cloud & DevOps,30.4,4,,,,,
Task,Service Enablement,Fabric - Azure,Fabric Capacity,Knowledge Transfer,,Principal Engineer - Cloud & DevOps,30.4,4,,,,,
Story,Service Enablement,Fabric - Azure,fabric-bootstrap,,Service Enablement Activities,,,,,,,,active
Task,Service Enablement,Fabric - Azure,fabric-bootstrap,Requirements,,Principal Engineer - Cloud & DevOps,7.6,1,,,,,
Task,Service Enablement,Fabric - Azure,fabric-bootstrap,Pilot,,Principal Engineer - Cloud & DevOps,38,5,,,,,
Task,Service Enablement,Fabric - Azure,fabric-bootstrap,Design,,Principal Engineer - Cloud & DevOps,24.7,3.25,,,,,
Task,Service Enablement,Fabric - Azure,fabric-bootstrap,Monitoring Development,,Principal Engineer - Cloud & DevOps,15.2,2,,,,,
Task,Service Enablement,Fabric - Azure,fabric-bootstrap,Module Development,,Principal Engineer - Cloud & DevOps,15.2,2,,,,,
Task,Service Enablement,Fabric - Azure,fabric-bootstrap,Unit Testing,,Principal Engineer - Cloud & DevOps,15.2,2,,,,,
Task,Service Enablement,Fabric - Azure,fabric-bootstrap,Azure Policy Development,,Principal Engineer - Cloud & DevOps,15.2,2,,,,,
Task,Service Enablement,Fabric - Azure,fabric-bootstrap,Module Usage Example,,Principal Engineer - Cloud & DevOps,15.2,2,,,,,
Task,Service Enablement,Fabric - Azure,fabric-bootstrap,Technical Oversight,,Principal Engineer - Cloud & DevOps,30.4,4,,,,,
Task,Service Enablement,Fabric - Azure,fabric-bootstrap,Knowledge Transfer,,Principal Engineer - Cloud & DevOps,30.4,4,,,,,
Story,Service Enablement,Fabric - Azure,fabric-workspace,,Service Enablement Activities,,,,,,,,active
Task,Service Enablement,Fabric - Azure,fabric-workspace,Requirements,,Principal Engineer - Cloud & DevOps,24.7,3.25,,,,,
Task,Service Enablement,Fabric - Azure,fabric-workspace,Pilot,,Principal Engineer - Cloud & DevOps,57,7.5,,,,,
Task,Service Enablement,Fabric - Azure,fabric-workspace,Design,,Principal Engineer - Cloud & DevOps,39.9,5.25,,,,,
Task,Service Enablement,Fabric - Azure,fabric-workspace,Monitoring Development,,Principal Engineer - Cloud & DevOps,30.4,4,,,,,
Task,Service Enablement,Fabric - Azure,fabric-workspace,Module Development,,Principal Engineer - Cloud & DevOps,24.7,3.25,,,,,
Task,Service Enablement,Fabric - Azure,fabric-workspace,Unit Testing,,Principal Engineer - Cloud & DevOps,30.4,4,,,,,
Task,Service Enablement,Fabric - Azure,fabric-workspace,Azure Policy Development,,Principal Engineer - Cloud & DevOps,32.3,4.25,,,,,
Task,Service Enablement,Fabric - Azure,fabric-workspace,Module Usage Example,,Principal Engineer - Cloud & DevOps,32.3,4.25,,,,,
Task,Service Enablement,Fabric - Azure,fabric-workspace,Technical Oversight,,Principal Engineer - Cloud & DevOps,60.8,8,,,,,
Task,Service Enablement,Fabric - Azure,fabric-workspace,Knowledge Transfer,,Principal Engineer - Cloud & DevOps,47.5,6.25,,,,,
Story,Service Enablement,Fabric - Azure,fabric-mpe,,Service Enablement Activities,,,,,,,,active
Task,Service Enablement,Fabric - Azure,fabric-mpe,Requirements,,Principal Engineer - Cloud & DevOps,15.2,2,,,,,
Task,Service Enablement,Fabric - Azure,fabric-mpe,Pilot,,Principal Engineer - Cloud & DevOps,47.5,6.25,,,,,
Task,Service Enablement,Fabric - Azure,fabric-mpe,Design,,Principal Engineer - Cloud & DevOps,32.3,4.25,,,,,
Task,Service Enablement,Fabric - Azure,fabric-mpe,Monitoring Development,,Principal Engineer - Cloud & DevOps,22.8,3,,,,,
Task,Service Enablement,Fabric - Azure,fabric-mpe,Module Development,,Principal Engineer - Cloud & DevOps,20.9,2.75,,,,,
Task,Service Enablement,Fabric - Azure,fabric-mpe,Unit Testing,,Principal Engineer - Cloud & DevOps,22.8,3,,,,,
Task,Service Enablement,Fabric - Azure,fabric-mpe,Azure Policy Development,,Principal Engineer - Cloud & DevOps,24.7,3.25,,,,,
Task,Service Enablement,Fabric - Azure,fabric-mpe,Module Usage Example,,Principal Engineer - Cloud & DevOps,24.7,3.25,,,,,
Task,Service Enablement,Fabric - Azure,fabric-mpe,Technical Oversight,,Principal Engineer - Cloud & DevOps,45.6,6,,,,,
Task,Service Enablement,Fabric - Azure,fabric-mpe,Knowledge Transfer,,Principal Engineer - Cloud & DevOps,39.9,5.25,,,,,
Story,Service Enablement,Fabric - Azure,fabric-domain,,Service Enablement Activities,,,,,,,,active
Task,Service Enablement,Fabric - Azure,fabric-domain,Requirements,,Principal Engineer - Cloud & DevOps,7.6,1,,,,,
Task,Service Enablement,Fabric - Azure,fabric-domain,Pilot,,Principal Engineer - Cloud & DevOps,38,5,,,,,
Task,Service Enablement,Fabric - Azure,fabric-domain,Design,,Principal Engineer - Cloud & DevOps,24.7,3.25,,,,,
Task,Service Enablement,Fabric - Azure,fabric-domain,Monitoring Development,,Principal Engineer - Cloud & DevOps,15.2,2,,,,,
Task,Service Enablement,Fabric - Azure,fabric-domain,Module Development,,Principal Engineer - Cloud & DevOps,15.2,2,,,,,
Task,Service Enablement,Fabric - Azure,fabric-domain,Unit Testing,,Principal Engineer - Cloud & DevOps,15.2,2,,,,,
Task,Service Enablement,Fabric - Azure,fabric-domain,Azure Policy Development,,Principal Engineer - Cloud & DevOps,15.2,2,,,,,
Task,Service Enablement,Fabric - Azure,fabric-domain,Module Usage Example,,Principal Engineer - Cloud & DevOps,15.2,2,,,,,
Task,Service Enablement,Fabric - Azure,fabric-domain,Technical Oversight,,Principal Engineer - Cloud & DevOps,30.4,4,,,,,
Task,Service Enablement,Fabric - Azure,fabric-domain,Knowledge Transfer,,Principal Engineer - Cloud & DevOps,30.4,4,,,,,
Story,Service Enablement,Fabric - Azure,fabric-spark-config,,Service Enablement Activities,,,,,,,,active
Task,Service Enablement,Fabric - Azure,fabric-spark-config,Requirements,,Principal Engineer - Cloud & DevOps,15.2,2,,,,,
Task,Service Enablement,Fabric - Azure,fabric-spark-config,Pilot,,Principal Engineer - Cloud & DevOps,47.5,6.25,,,,,
Task,Service Enablement,Fabric - Azure,fabric-spark-config,Design,,Principal Engineer - Cloud & DevOps,32.3,4.25,,,,,
Task,Service Enablement,Fabric - Azure,fabric-spark-config,Monitoring Development,,Principal Engineer - Cloud & DevOps,22.8,3,,,,,
Task,Service Enablement,Fabric - Azure,fabric-spark-config,Module Development,,Principal Engineer - Cloud & DevOps,20.9,2.75,,,,,
Task,Service Enablement,Fabric - Azure,fabric-spark-config,Unit Testing,,Principal Engineer - Cloud & DevOps,22.8,3,,,,,
Task,Service Enablement,Fabric - Azure,fabric-spark-config,Azure Policy Development,,Principal Engineer - Cloud & DevOps,24.7,3.25,,,,,
Task,Service Enablement,Fabric - Azure,fabric-spark-config,Module Usage Example,,Principal Engineer - Cloud & DevOps,24.7,3.25,,,,,
Task,Service Enablement,Fabric - Azure,fabric-spark-config,Technical Oversight,,Principal Engineer - Cloud & DevOps,45.6,6,,,,,
Task,Service Enablement,Fabric - Azure,fabric-spark-config,Knowledge Transfer,,Principal Engineer - Cloud & DevOps,39.9,5.25,,,,,
Story,Service Enablement,Fabric - Azure,fabric-environment,,Service Enablement Activities,,,,,,,,active
Task,Service Enablement,Fabric - Azure,fabric-environment,Requirements,,Principal Engineer - Cloud & DevOps,24.7,3.25,,,,,
Task,Service Enablement,Fabric - Azure,fabric-environment,Pilot,,Principal Engineer - Cloud & DevOps,57,7.5,,,,,
Task,Service Enablement,Fabric - Azure,fabric-environment,Design,,Principal Engineer - Cloud & DevOps,39.9,5.25,,,,,
Task,Service Enablement,Fabric - Azure,fabric-environment,Monitoring Development,,Principal Engineer - Cloud & DevOps,30.4,4,,,,,
Task,Service Enablement,Fabric - Azure,fabric-environment,Module Development,,Principal Engineer - Cloud & DevOps,24.7,3.25,,,,,
Task,Service Enablement,Fabric - Azure,fabric-environment,Unit Testing,,Principal Engineer - Cloud & DevOps,30.4,4,,,,,
Task,Service Enablement,Fabric - Azure,fabric-environment,Azure Policy Development,,Principal Engineer - Cloud & DevOps,32.3,4.25,,,,,
Task,Service Enablement,Fabric - Azure,fabric-environment,Module Usage Example,,Principal Engineer - Cloud & DevOps,32.3,4.25,,,,,
Task,Service Enablement,Fabric - Azure,fabric-environment,Technical Oversight,,Principal Engineer - Cloud & DevOps,60.8,8,,,,,
Task,Service Enablement,Fabric - Azure,fabric-environment,Knowledge Transfer,,Principal Engineer - Cloud & DevOps,47.5,6.25,,,,,
Story,Service Enablement,Fabric - Azure,fabric-workspace-git,,Service Enablement Activities,,,,,,,,active
Task,Service Enablement,Fabric - Azure,fabric-workspace-git,Requirements,,Principal Engineer - Cloud & DevOps,15.2,2,,,,,
Task,Service Enablement,Fabric - Azure,fabric-workspace-git,Pilot,,Principal Engineer - Cloud & DevOps,47.5,6.25,,,,,
Task,Service Enablement,Fabric - Azure,fabric-workspace-git,Design,,Principal Engineer - Cloud & DevOps,32.3,4.25,,,,,
Task,Service Enablement,Fabric - Azure,fabric-workspace-git,Monitoring Development,,Principal Engineer - Cloud & DevOps,22.8,3,,,,,
Task,Service Enablement,Fabric - Azure,fabric-workspace-git,Module Development,,Principal Engineer - Cloud & DevOps,20.9,2.75,,,,,
Task,Service Enablement,Fabric - Azure,fabric-workspace-git,Unit Testing,,Principal Engineer - Cloud & DevOps,22.8,3,,,,,
Task,Service Enablement,Fabric - Azure,fabric-workspace-git,Azure Policy Development,,Principal Engineer - Cloud & DevOps,24.7,3.25,,,,,
Task,Service Enablement,Fabric - Azure,fabric-workspace-git,Module Usage Example,,Principal Engineer - Cloud & DevOps,24.7,3.25,,,,,
Task,Service Enablement,Fabric - Azure,fabric-workspace-git,Technical Oversight,,Principal Engineer - Cloud & DevOps,45.6,6,,,,,
Task,Service Enablement,Fabric - Azure,fabric-workspace-git,Knowledge Transfer,,Principal Engineer - Cloud & DevOps,39.9,5.25,,,,,
Story,Service Enablement,Fabric - Azure,fabric-lakehouse,,Service Enablement Activities,,,,,,,,active
Task,Service Enablement,Fabric - Azure,fabric-lakehouse,Requirements,,Principal Engineer - Cloud & DevOps,15.2,2,,,,,
Task,Service Enablement,Fabric - Azure,fabric-lakehouse,Pilot,,Principal Engineer - Cloud & DevOps,47.5,6.25,,,,,
Task,Service Enablement,Fabric - Azure,fabric-lakehouse,Design,,Principal Engineer - Cloud & DevOps,32.3,4.25,,,,,
Task,Service Enablement,Fabric - Azure,fabric-lakehouse,Monitoring Development,,Principal Engineer - Cloud & DevOps,22.8,3,,,,,
Task,Service Enablement,Fabric - Azure,fabric-lakehouse,Module Development,,Principal Engineer - Cloud & DevOps,20.9,2.75,,,,,
Task,Service Enablement,Fabric - Azure,fabric-lakehouse,Unit Testing,,Principal Engineer - Cloud & DevOps,22.8,3,,,,,
Task,Service Enablement,Fabric - Azure,fabric-lakehouse,Azure Policy Development,,Principal Engineer - Cloud & DevOps,24.7,3.25,,,,,
Task,Service Enablement,Fabric - Azure,fabric-lakehouse,Module Usage Example,,Principal Engineer - Cloud & DevOps,24.7,3.25,,,,,
Task,Service Enablement,Fabric - Azure,fabric-lakehouse,Technical Oversight,,Principal Engineer - Cloud & DevOps,45.6,6,,,,,
Task,Service Enablement,Fabric - Azure,fabric-lakehouse,Knowledge Transfer,,Principal Engineer - Cloud & DevOps,39.9,5.25,,,,,
Story,Service Enablement,Fabric - Azure,fabric-warehouse,,Service Enablement Activities,,,,,,,,active
Task,Service Enablement,Fabric - Azure,fabric-warehouse,Requirements,,Principal Engineer - Cloud & DevOps,24.7,3.25,,,,,
Task,Service Enablement,Fabric - Azure,fabric-warehouse,Pilot,,Principal Engineer - Cloud & DevOps,57,7.5,,,,,
Task,Service Enablement,Fabric - Azure,fabric-warehouse,Design,,Principal Engineer - Cloud & DevOps,39.9,5.25,,,,,
Task,Service Enablement,Fabric - Azure,fabric-warehouse,Monitoring Development,,Principal Engineer - Cloud & DevOps,30.4,4,,,,,
Task,Service Enablement,Fabric - Azure,fabric-warehouse,Module Development,,Principal Engineer - Cloud & DevOps,24.7,3.25,,,,,
Task,Service Enablement,Fabric - Azure,fabric-warehouse,Unit Testing,,Principal Engineer - Cloud & DevOps,30.4,4,,,,,
Task,Service Enablement,Fabric - Azure,fabric-warehouse,Azure Policy Development,,Principal Engineer - Cloud & DevOps,32.3,4.25,,,,,
Task,Service Enablement,Fabric - Azure,fabric-warehouse,Module Usage Example,,Principal Engineer - Cloud & DevOps,32.3,4.25,,,,,
Task,Service Enablement,Fabric - Azure,fabric-warehouse,Technical Oversight,,Principal Engineer - Cloud & DevOps,60.8,8,,,,,
Task,Service Enablement,Fabric - Azure,fabric-warehouse,Knowledge Transfer,,Principal Engineer - Cloud & DevOps,47.5,6.25,,,,,
Story,Service Enablement,Fabric - Azure,fabric-eventhouse,,Service Enablement Activities,,,,,,,,active
Task,Service Enablement,Fabric - Azure,fabric-eventhouse,Requirements,,Principal Engineer - Cloud & DevOps,24.7,3.25,,,,,
Task,Service Enablement,Fabric - Azure,fabric-eventhouse,Pilot,,Principal Engineer - Cloud & DevOps,57,7.5,,,,,
Task,Service Enablement,Fabric - Azure,fabric-eventhouse,Design,,Principal Engineer - Cloud & DevOps,39.9,5.25,,,,,
Task,Service Enablement,Fabric - Azure,fabric-eventhouse,Monitoring Development,,Principal Engineer - Cloud & DevOps,30.4,4,,,,,
Task,Service Enablement,Fabric - Azure,fabric-eventhouse,Module Development,,Principal Engineer - Cloud & DevOps,24.7,3.25,,,,,
Task,Service Enablement,Fabric - Azure,fabric-eventhouse,Unit Testing,,Principal Engineer - Cloud & DevOps,30.4,4,,,,,
Task,Service Enablement,Fabric - Azure,fabric-eventhouse,Azure Policy Development,,Principal Engineer - Cloud & DevOps,32.3,4.25,,,,,
Task,Service Enablement,Fabric - Azure,fabric-eventhouse,Module Usage Example,,Principal Engineer - Cloud & DevOps,32.3,4.25,,,,,
Task,Service Enablement,Fabric - Azure,fabric-eventhouse,Technical Oversight,,Principal Engineer - Cloud & DevOps,60.8,8,,,,,
Task,Service Enablement,Fabric - Azure,fabric-eventhouse,Knowledge Transfer,,Principal Engineer - Cloud & DevOps,47.5,6.25,,,,,
Story,Service Enablement,Fabric - Azure,fabric-sql-database,,Service Enablement Activities,,,,,,,,active
Task,Service Enablement,Fabric - Azure,fabric-sql-database,Requirements,,Principal Engineer - Cloud & DevOps,15.2,2,,,,,
Task,Service Enablement,Fabric - Azure,fabric-sql-database,Pilot,,Principal Engineer - Cloud & DevOps,47.5,6.25,,,,,
Task,Service Enablement,Fabric - Azure,fabric-sql-database,Design,,Principal Engineer - Cloud & DevOps,32.3,4.25,,,,,
Task,Service Enablement,Fabric - Azure,fabric-sql-database,Monitoring Development,,Principal Engineer - Cloud & DevOps,22.8,3,,,,,
Task,Service Enablement,Fabric - Azure,fabric-sql-database,Module Development,,Principal Engineer - Cloud & DevOps,20.9,2.75,,,,,
Task,Service Enablement,Fabric - Azure,fabric-sql-database,Unit Testing,,Principal Engineer - Cloud & DevOps,22.8,3,,,,,
Task,Service Enablement,Fabric - Azure,fabric-sql-database,Azure Policy Development,,Principal Engineer - Cloud & DevOps,24.7,3.25,,,,,
Task,Service Enablement,Fabric - Azure,fabric-sql-database,Module Usage Example,,Principal Engineer - Cloud & DevOps,24.7,3.25,,,,,
Task,Service Enablement,Fabric - Azure,fabric-sql-database,Technical Oversight,,Principal Engineer - Cloud & DevOps,45.6,6,,,,,
Task,Service Enablement,Fabric - Azure,fabric-sql-database,Knowledge Transfer,,Principal Engineer - Cloud & DevOps,39.9,5.25,,,,,
Epic,Proof-of-Concept,,,,,,,,,,active,,
Feature,Proof-of-Concept,Platform Deployment,,,,,,,,,,active,
Story,Proof-of-Concept,Platform Deployment,Bootstrap & Capacity Provisioning,,,,,,,,,,active
Task,Proof-of-Concept,Platform Deployment,Bootstrap & Capacity Provisioning,Deploy fabric-bootstrap module to enable WS OAP tenant gate,,Principal Engineer - Cloud & DevOps,7.6,1,Apply fabric-bootstrap Terraform module; verify fabric_tenant_setting ConfigureWorkspaceLevelOutboundNetworkRules is enabled in Fabric admin portal,Fabric Admin role held by service principal used for Terraform; tenant setting does not already exist,,,
Task,Proof-of-Concept,Platform Deployment,Bootstrap & Capacity Provisioning,Provision Fabric Capacity F64 via azurerm_fabric_capacity,,Principal Engineer - Cloud & DevOps,7.6,1,Deploy azurerm_fabric_capacity resource in target Azure subscription; validate capacity appears in Fabric admin portal with Active state,Azure subscription available with quota for F64 SKU; Terraform service principal has Contributor on resource group,,,
Task,Proof-of-Concept,Platform Deployment,Bootstrap & Capacity Provisioning,Validate capacity state and install Capacity Metrics Power BI app,,Principal Engineer - Cloud & DevOps,3.8,0.5,Run terraform plan to confirm capacity state == Active; install Fabric Capacity Metrics template app from AppSource against provisioned capacity,AppSource accessible from PoC environment; user has Power BI workspace for app install,,,
Story,Proof-of-Concept,Platform Deployment,Workspace & Network Provisioning,,,,,,,,,,active
Task,Proof-of-Concept,Platform Deployment,Workspace & Network Provisioning,Deploy PoC workspace with WS OAP enforced via fabric-workspace module,,Principal Engineer - Cloud & DevOps,7.6,1,Apply fabric-workspace module with capacity_id from previous story; confirm fabric_workspace_network_communication_policy applies inbound+outbound Deny,fabric-bootstrap complete; WS OAP tenant gate enabled,,,
Task,Proof-of-Concept,Platform Deployment,Workspace & Network Provisioning,Configure MPEs to ADLS Gen2 dfs and blob subresources via fabric-mpe module,,Principal Engineer - Cloud & DevOps,7.6,1,Deploy two fabric-mpe module instances targeting PoC ADLS account (subresource_type=dfs and blob); confirm pending connection request appears on ADLS private endpoint blade,ADLS Gen2 account provisioned in same Azure region as Fabric capacity; network team notified for PE approval,,,
Task,Proof-of-Concept,Platform Deployment,Workspace & Network Provisioning,Configure MPE to Azure Key Vault via fabric-mpe module,,Principal Engineer - Cloud & DevOps,3.8,0.5,Deploy fabric-mpe module instance targeting Key Vault (subresource_type=vault); Key Vault used for secrets referenced in pipeline linked services,Key Vault provisioned; workspace system-assigned identity enabled,,,
Task,Proof-of-Concept,Platform Deployment,Workspace & Network Provisioning,Approve all MPE connections on target Azure resources,,Principal Engineer - Cloud & DevOps,3.8,0.5,Approve pending PE connection requests on ADLS and Key Vault via azurerm_private_endpoint_connection or portal; validate MPE status shows Approved in Fabric portal,Approver has Owner or Network Contributor on target resources,,,
Task,Proof-of-Concept,Platform Deployment,Workspace & Network Provisioning,Configure domain hierarchy and default sensitivity label via fabric-domain module,,Principal Engineer - Cloud & DevOps,7.6,1,Apply fabric-domain module; assign PoC workspace to domain; set default_label_id to General sensitivity label; verify label appears on newly created items,Sensitivity label published in M365 compliance centre; label GUID available as Terraform variable,,,
Story,Proof-of-Concept,Platform Deployment,Spark & Git Integration,,,,,,,,,,active
Task,Proof-of-Concept,Platform Deployment,Spark & Git Integration,Deploy custom Spark pools via fabric-spark-config module,,Principal Engineer - Cloud & DevOps,7.6,1,Apply fabric-spark-config with at least one MemoryOptimized custom pool (autoscale 2-8); validate starter pool explicitly disabled; confirm pool visible in workspace Spark settings,WS OAP enforced (disables starter pool); F64 capacity available,,,
Task,Proof-of-Concept,Platform Deployment,Spark & Git Integration,Deploy pinned library environment with private PyPI routing via fabric-environment module,,Principal Engineer - Cloud & DevOps,7.6,1,Apply fabric-environment referencing the custom pool; set spark_properties with private PyPI index-url; include pandas delta-spark pyarrow; validate environment publishes successfully,Private PyPI mirror on blob accessible via blob MPE; packages pre-mirrored,,,
Task,Proof-of-Concept,Platform Deployment,Spark & Git Integration,Connect PoC workspace to Git repository via fabric-workspace-git module,,Principal Engineer - Cloud & DevOps,7.6,1,Apply fabric-workspace-git; workspace admin must first enable Allow Git Integration in Fabric portal (WS OAP blocks by default); validate Git status shows Connected,ADO/GitHub service connection created; allow_git_integration toggled in Fabric admin portal before apply,,,
Task,Proof-of-Concept,Platform Deployment,Spark & Git Integration,Validate CI gate pipeline on sample PR with intentional violations,,Principal Engineer - Cloud & DevOps,7.6,1,Submit test PR with hardcoded credential and public pypi.org URL in notebook; confirm bandit detect-secrets and semgrep all fire and block merge; submit clean PR and confirm gate passes and workspace syncs,GitHub Actions or ADO pipeline configured; branch protection requires CI gate to pass,,,
Feature,Proof-of-Concept,Medallion Lakehouse,,,,,,,,,,active,
Story,Proof-of-Concept,Medallion Lakehouse,Bronze Layer Ingestion,,,,,,,,,,active
Task,Proof-of-Concept,Medallion Lakehouse,Bronze Layer Ingestion,Create Bronze Lakehouse via fabric-lakehouse Terraform module,,Principal Engineer - Cloud & DevOps,7.6,1,Apply fabric-lakehouse in PoC workspace; confirm Lakehouse item and SQL analytics endpoint appear; note OneLake DFS path for pipeline configuration,fabric-lakehouse module built; workspace provisioned,,,
Task,Proof-of-Concept,Medallion Lakehouse,Bronze Layer Ingestion,Build Data Factory pipeline to ingest synthetic financial data from ADLS into Bronze Lakehouse,,"Principal Consultant - Data, AI & IoT",15.2,2,Create Data Pipeline with Copy activity sourcing from ADLS Gen2 (via MPE dfs endpoint) writing Parquet files to Bronze Lakehouse Files section; parameterise source path and target folder,ADLS MPE approved; synthetic dataset pre-loaded to source ADLS container; no PII in PoC data,,,
Task,Proof-of-Concept,Medallion Lakehouse,Bronze Layer Ingestion,Execute pipeline and validate raw data landing in Bronze OneLake path,,"Principal Consultant - Data, AI & IoT",3.8,0.5,Trigger pipeline run; confirm files appear in Bronze Lakehouse Files section; verify OneLake DFS path accessible; spot-check row counts against source,Pipeline and MPE configuration complete,,,
Story,Proof-of-Concept,Medallion Lakehouse,Silver Transformation,,,,,,,,,,active
Task,Proof-of-Concept,Medallion Lakehouse,Silver Transformation,Develop PySpark notebook for Bronze to Silver cleansing and schema enforcement,,"Principal Consultant - Data, AI & IoT",15.2,2,Write notebook using pinned environment; read Bronze Parquet files; apply schema enforcement null handling deduplication column renaming; write Delta table to Silver Lakehouse,Bronze Lakehouse populated; pinned environment deployed; Silver Lakehouse created,,,
Task,Proof-of-Concept,Medallion Lakehouse,Silver Transformation,Write cleansed output as managed Delta table to Silver Lakehouse,,"Principal Consultant - Data, AI & IoT",7.6,1,Confirm Delta table registered in Silver Lakehouse table section with schema visible in SQL analytics endpoint; validate DESCRIBE TABLE output matches expected schema,Silver notebook complete; Silver Lakehouse provisioned,,,
Task,Proof-of-Concept,Medallion Lakehouse,Silver Transformation,Demonstrate supply chain security: show pip install routed via private PyPI mirror,,"Principal Consultant - Data, AI & IoT",3.8,0.5,In notebook cell run %pip install pandas and capture pip output showing index URL is the private mirror not pypi.org; show a pip install against pypi.org is blocked by network policy,WS OAP active; private PyPI mirror accessible via blob MPE; spark_properties index-url set in fabric-environment,,,
Story,Proof-of-Concept,Medallion Lakehouse,Gold Aggregation,,,,,,,,,,active
Task,Proof-of-Concept,Medallion Lakehouse,Gold Aggregation,Develop PySpark notebook for Silver to Gold business-level aggregations,,"Principal Consultant - Data, AI & IoT",15.2,2,Read Silver Delta tables; produce Gold tables: daily transaction summary by account customer balance snapshot product category breakdown; write as Delta managed tables in Gold Lakehouse,Silver transformation complete; Gold Lakehouse provisioned,,,
Task,Proof-of-Concept,Medallion Lakehouse,Gold Aggregation,Register Gold Delta tables and validate SQL analytics endpoint,,"Principal Consultant - Data, AI & IoT",7.6,1,Confirm all Gold tables visible in SQL analytics endpoint; run spot-check SELECT queries to validate row counts and data types; note TDS connection string for Warehouse and Power BI use,Gold notebook complete,,,
Task,Proof-of-Concept,Medallion Lakehouse,Gold Aggregation,Schedule Bronze-Silver-Gold pipeline as a triggered orchestration pipeline,,"Principal Consultant - Data, AI & IoT",7.6,1,Wire Bronze ingest Silver transform and Gold aggregation notebooks into single orchestration pipeline with activity dependencies; set scheduled trigger; validate end-to-end run completes,All three notebook tasks complete; pipelines committed to Git and synced,,,
Feature,Proof-of-Concept,Data Warehouse & Reporting,,,,,,,,,,active,
Story,Proof-of-Concept,Data Warehouse & Reporting,Warehouse Provisioning & Schema,,,,,,,,,,active
Task,Proof-of-Concept,Data Warehouse & Reporting,Warehouse Provisioning & Schema,Create Fabric Warehouse via fabric-warehouse Terraform module,,Principal Engineer - Cloud & DevOps,7.6,1,Apply fabric-warehouse module in PoC workspace; confirm Warehouse item appears with TDS connection string; validate TDS endpoint reachable from trusted network,fabric-warehouse module built; WS OAP active,,,
Task,Proof-of-Concept,Data Warehouse & Reporting,Warehouse Provisioning & Schema,Deploy DDL migration scripts for fact and dimension tables via CI/CD sqlcmd step,,Principal Engineer - Cloud & DevOps,15.2,2,Write CREATE TABLE DDL for FactTransactions DimCustomer DimProduct DimDate; commit to /warehouse/migrations/ in Git; add sqlcmd pipeline stage to CI/CD running migrations on merge to develop,Warehouse provisioned; TDS endpoint accessible from CI/CD runner; runner identity has db_ddladmin,,,
Task,Proof-of-Concept,Data Warehouse & Reporting,Warehouse Provisioning & Schema,Load Gold Lakehouse aggregations into Warehouse via Data Factory pipeline,,"Principal Consultant - Data, AI & IoT",7.6,1,Create Data Pipeline using Copy activity reading from Gold Lakehouse SQL analytics endpoint and writing to Warehouse tables; validate row counts match Gold Delta tables,DDL migrations complete; Gold Lakehouse populated; Warehouse provisioned,,,
Story,Proof-of-Concept,Data Warehouse & Reporting,Data Security Controls,,,,,,,,,,active
Task,Proof-of-Concept,Data Warehouse & Reporting,Data Security Controls,Implement dynamic data masking on PII columns in Warehouse,,"Principal Consultant - Data, AI & IoT",7.6,1,Apply ALTER TABLE ... ALTER COLUMN ... MASKED WITH on CustomerName AccountNumber TaxFileNumber columns; demonstrate masking returns XXXX to non-privileged users; unmasked to users with UNMASK permission,Warehouse schema deployed; test user accounts without UNMASK permission available,,,
Task,Proof-of-Concept,Data Warehouse & Reporting,Data Security Controls,Configure column-level security restricting sensitive financial columns to Analyst role,,"Principal Consultant - Data, AI & IoT",7.6,1,DENY SELECT on TransactionAmount and Balance columns to Public role; GRANT SELECT to AnalystRole; demonstrate analyst AAD group member can query sensitive columns while Viewer role cannot,AAD groups for Analyst and Viewer roles pre-created; test users assigned to respective groups,,,
Task,Proof-of-Concept,Data Warehouse & Reporting,Data Security Controls,Validate masking and column-level security with test user credentials,,"Principal Consultant - Data, AI & IoT",3.8,0.5,Run validation queries as Viewer user (expect masked PII and denied sensitive columns) and Analyst user (expect unmasked data and access granted); document results for governance demonstration,Test users provisioned; masking and CLS applied,,,
Story,Proof-of-Concept,Data Warehouse & Reporting,Power BI Reporting,,,,,,,,,,active
Task,Proof-of-Concept,Data Warehouse & Reporting,Power BI Reporting,Create Power BI semantic model over Warehouse TDS endpoint in DirectQuery mode,,"Principal Consultant - Data, AI & IoT",15.2,2,Build PBIP format semantic model connecting to Warehouse via TDS endpoint using AAD auth; define measures for Total Transactions Average Balance Transaction Count by Category; implement RLS roles for branch/entity isolation,Warehouse loaded with Gold data; Power BI Desktop accessible; TDS endpoint reachable from developer network,,,
Task,Proof-of-Concept,Data Warehouse & Reporting,Power BI Reporting,Build financial overview dashboard with transaction trends and balance summary,,"Principal Consultant - Data, AI & IoT",15.2,2,Create Power BI report with transaction volume trend line chart balance distribution histogram top accounts by transaction value table product category breakdown donut chart; commit PBIP files to Git and sync to workspace,Semantic model complete; synthetic financial data loaded; PBIP format enabled,,,
Task,Proof-of-Concept,Data Warehouse & Reporting,Power BI Reporting,Demonstrate row-level security showing different users see different data slices,,"Principal Consultant - Data, AI & IoT",7.6,1,Use Power BI View As feature to show users mapped to Branch A role only see Branch A transactions; document RLS behaviour for governance walkthrough,RLS roles defined in semantic model; test users mapped to roles,,,
Feature,Proof-of-Concept,Real-Time Intelligence,,,,,,,,,,active,
Story,Proof-of-Concept,Real-Time Intelligence,Eventhouse & KQL Setup,,,,,,,,,,active
Task,Proof-of-Concept,Real-Time Intelligence,Eventhouse & KQL Setup,Create Eventhouse and KQL Database via fabric-eventhouse Terraform module,,Principal Engineer - Cloud & DevOps,7.6,1,Apply fabric-eventhouse module in PoC workspace; confirm Eventhouse and KQL Database items appear; note KQL query URI for CLI-based schema deployment,fabric-eventhouse module built; workspace provisioned,,,
Task,Proof-of-Concept,Real-Time Intelligence,Eventhouse & KQL Setup,Deploy KQL table schema retention policy and update policy via KQL migration scripts in CI/CD,,Principal Engineer - Cloud & DevOps,15.2,2,Write .kql schema scripts: CREATE TABLE Transactions; set retention policy 365 days; add CI/CD pipeline stage using Kusto CLI to apply scripts on merge to develop,Eventhouse provisioned; KQL query URI available; Kusto CLI accessible from CI/CD runner with AllDatabasesAdmin,,,
Task,Proof-of-Concept,Real-Time Intelligence,Eventhouse & KQL Setup,Enable OneLake availability on KQL Database for Delta mirroring to OneLake,,Principal Engineer - Cloud & DevOps,3.8,0.5,Toggle OneLake availability on in KQL Database settings; validate Delta Parquet files appear in OneLake under Eventhouse path; confirm data queryable via Lakehouse shortcut,Eventhouse and KQL Database provisioned; OneLake availability is a portal toggle,,,
Story,Proof-of-Concept,Real-Time Intelligence,Streaming Ingestion,,,,,,,,,,active
Task,Proof-of-Concept,Real-Time Intelligence,Streaming Ingestion,Configure Eventstream with simulated transaction event source using Azure Event Hubs,,"Principal Consultant - Data, AI & IoT",15.2,2,Create Eventstream item; connect to Azure Event Hubs namespace publishing synthetic transaction JSON events at ~100 events/min; validate events appearing in Eventstream preview pane,Azure Event Hubs namespace provisioned; synthetic event generator running,,,
Task,Proof-of-Concept,Real-Time Intelligence,Streaming Ingestion,Route Eventstream output to Eventhouse KQL Database Transactions table,,"Principal Consultant - Data, AI & IoT",7.6,1,Add Eventhouse destination to Eventstream; map JSON event fields to KQL table columns; validate streaming ingestion with query: Transactions | take 10,Eventstream source connected; Eventhouse and Transactions table provisioned,,,
Task,Proof-of-Concept,Real-Time Intelligence,Streaming Ingestion,Validate streaming data in KQL and confirm Delta mirror in OneLake,,"Principal Consultant - Data, AI & IoT",3.8,0.5,Run KQL query confirming row count growing over time; check OneLake path for Delta files; run Spark read against OneLake Eventhouse Delta path,Eventstream routing complete; OneLake availability enabled,,,
Story,Proof-of-Concept,Real-Time Intelligence,Anomaly Detection & Alerting,,,,,,,,,,active
Task,Proof-of-Concept,Real-Time Intelligence,Anomaly Detection & Alerting,Develop KQL anomaly detection query using series_decompose_anomalies on transaction volume,,"Principal Consultant - Data, AI & IoT",15.2,2,Write KQL: bin transactions into 1-minute buckets; apply series_decompose_anomalies() to detect volume spikes; return anomaly score and direction; save as KQL queryset for reuse by Activator,Streaming data flowing into Eventhouse; sufficient data history; synthetic generator can simulate spikes,,,
Task,Proof-of-Concept,Real-Time Intelligence,Anomaly Detection & Alerting,Configure Activator rule to send Teams notification on transaction volume anomaly,,"Principal Consultant - Data, AI & IoT",15.2,2,Create Activator item; connect to Eventstream as data source; define condition: anomaly_score > threshold for 3 consecutive minutes; set action to send adaptive card to PoC Teams channel,Activator is GA; Teams webhook available; anomaly detection query validated,,,
Task,Proof-of-Concept,Real-Time Intelligence,Anomaly Detection & Alerting,Build real-time Power BI dashboard consuming Eventhouse via KQL visual with auto-refresh,,"Principal Consultant - Data, AI & IoT",15.2,2,Create Power BI report with KQL visual (30s auto-refresh): live transaction rate gauge rolling 5-minute volume trend anomaly flag indicator; demonstrate live refresh during simulated spike event,Eventhouse streaming; KQL visual available in Power BI Desktop; Power BI workspace in same Fabric tenant,,,
Feature,Proof-of-Concept,Data Science & ML,,,,,,,,,,active,
Story,Proof-of-Concept,Data Science & ML,Model Training,,,,,,,,,,active
Task,Proof-of-Concept,Data Science & ML,Model Training,Develop credit risk scoring notebook using scikit-learn on synthetic Gold Lakehouse data,,"Principal Consultant - Data, AI & IoT",15.2,2,Write PySpark notebook reading Gold DimCustomer and FactTransactions; engineer features (transaction frequency average amount days since last transaction); train logistic regression for binary default prediction; evaluate with AUC and F1 metrics,Gold Lakehouse populated with synthetic data including target label column; scikit-learn in pinned environment; no real customer data in PoC,,,
Task,Proof-of-Concept,Data Science & ML,Model Training,Instrument training notebook with MLflow experiment tracking,,"Principal Consultant - Data, AI & IoT",7.6,1,Add mlflow.start_run() to notebook; log hyperparameters (C max_iter) training metrics (AUC precision recall) and model artifact; confirm experiment and run appear in Fabric ML Experiments item,MLflow pre-installed in Fabric Spark runtime; ML Experiments item auto-created on first log,,,
Task,Proof-of-Concept,Data Science & ML,Model Training,Register trained model to Fabric ML Models and tag with version metadata,,"Principal Consultant - Data, AI & IoT",3.8,0.5,Call mlflow.sklearn.log_model() with registered_model_name; confirm model version appears in ML Models item; add tags: model_type=credit_risk training_data=synthetic version=1.0,Training notebook complete; MLflow logging instrumented,,,
Story,Proof-of-Concept,Data Science & ML,Batch Scoring Pipeline,,,,,,,,,,active
Task,Proof-of-Concept,Data Science & ML,Batch Scoring Pipeline,Create Spark Job Definition for batch inference loading model from ML Models registry,,"Principal Consultant - Data, AI & IoT",15.2,2,Write parameterised Python scoring script loading registered model via mlflow.pyfunc.load_model(); reads unseen Gold Lakehouse records; writes scored output (AccountId ProbabilityOfDefault ScoreDate) back to Gold Lakehouse as Delta table,Model registered in ML Models; Gold Lakehouse has held-out scoring dataset; Spark Job Definition item available,,,
Task,Proof-of-Concept,Data Science & ML,Batch Scoring Pipeline,Trigger batch scoring from scheduled Data Factory orchestration pipeline,,"Principal Consultant - Data, AI & IoT",7.6,1,Add Spark Job Definition activity to master orchestration pipeline; configure daily schedule; validate end-to-end: pipeline triggers scoring runs scored Delta table updated in Gold Lakehouse,Spark Job Definition committed to Git and synced; master pipeline exists,,,
Task,Proof-of-Concept,Data Science & ML,Batch Scoring Pipeline,Surface model scores in Power BI financial dashboard as a credit risk heat map,,"Principal Consultant - Data, AI & IoT",7.6,1,Add new report page to financial dashboard showing customer credit risk scores by segment; use conditional formatting to highlight high-risk accounts; demonstrate end-to-end: pipeline runs scores update dashboard refreshes,Batch scoring pipeline complete; scored Delta table in Gold Lakehouse; Power BI semantic model includes scored table,,,
Feature,Proof-of-Concept,AI Agents & Agentic Workflows,,,,,,,,,,active,
Story,Proof-of-Concept,AI Agents & Agentic Workflows,Fabric Data Agent,,,,,,,,,,active
Task,Proof-of-Concept,AI Agents & Agentic Workflows,Fabric Data Agent,Create Fabric Data Agent grounded in Gold Lakehouse SQL endpoint and Warehouse,,"Principal Consultant - Data, AI & IoT",15.2,2,Create Data Agent item in Fabric portal (Preview); add Gold Lakehouse SQL analytics endpoint and Fabric Warehouse as grounding sources; configure schema visibility (expose FactTransactions DimCustomer risk scores; exclude raw Bronze tables),Data Agent feature enabled in Fabric tenant; Azure OpenAI backend available in Fabric tenant region; Gold and Warehouse populated,,,
Task,Proof-of-Concept,AI Agents & Agentic Workflows,Fabric Data Agent,Configure agent system prompt and data access permissions for financial context,,"Principal Consultant - Data, AI & IoT",7.6,1,Write system prompt establishing financial data assistant persona; add instructions to cite data source and time period; restrict to SELECT-only operations; configure which AAD groups can interact with the agent,Data Agent created; grounding data sources connected,,,
Task,Proof-of-Concept,AI Agents & Agentic Workflows,Fabric Data Agent,Test natural language queries against Fabric financial data end-to-end,,"Principal Consultant - Data, AI & IoT",7.6,1,"Run NL queries: ""What was total transaction volume last week?"", ""Which customers have highest default risk score?"", ""Show top 10 accounts by transaction frequency in March""; validate SQL generated results correct and CLS enforced",Agent configured; data populated; test user without UNMASK permission available to validate CLS through agent,,,
Story,Proof-of-Concept,AI Agents & Agentic Workflows,Copilot Studio Integration,,,,,,,,,,active
Task,Proof-of-Concept,AI Agents & Agentic Workflows,Copilot Studio Integration,Publish Fabric Data Agent as a skill action in Microsoft Copilot Studio,,"Principal Consultant - Data, AI & IoT",15.2,2,In Copilot Studio create new Copilot; add Fabric Data Agent as Connector action skill; configure OAuth with AAD authentication; test action returns correct responses in Copilot Studio test pane,Copilot Studio licence available in M365 tenant; Fabric Data Agent published; AAD app registration created for OAuth flow,,,
Task,Proof-of-Concept,AI Agents & Agentic Workflows,Copilot Studio Integration,Build Teams-deployed chatbot topic routing financial queries to Fabric Data Agent,,"Principal Consultant - Data, AI & IoT",15.2,2,"Create trigger phrases topic in Copilot Studio: ""show me data"" ""query transactions"" ""financial report""; wire to Fabric Data Agent skill action; deploy Copilot to PoC Teams channel; test end-to-end from Teams message to Fabric data response",Copilot Studio skill action configured; Teams channel available; M365 Copilot Studio deployment permissions granted,,,
Task,Proof-of-Concept,AI Agents & Agentic Workflows,Copilot Studio Integration,Demonstrate end-to-end natural language query from Teams to Fabric Warehouse data,,"Principal Consultant - Data, AI & IoT",7.6,1,"Live demo: user types ""What were total transactions in the last 7 days?"" in Teams → Copilot Studio routes to Fabric Data Agent → agent queries Warehouse → returns formatted answer in Teams adaptive card",Full integration stack deployed; demo account with appropriate permissions; Teams channel accessible,,,
Story,Proof-of-Concept,AI Agents & Agentic Workflows,Operational Agent Monitoring,,,,,,,,,,active
Task,Proof-of-Concept,AI Agents & Agentic Workflows,Operational Agent Monitoring,Configure Fabric Operational Agent to monitor medallion pipeline for failures and data quality,,"Principal Consultant - Data, AI & IoT",15.2,2,Enable Fabric Operational Agent (Preview) on PoC workspace; configure monitoring scope: Bronze ingest pipeline Silver notebook Gold pipeline; set notification targets for pipeline failure and data quality anomaly events,Fabric Operational Agents feature enabled in tenant; pipelines committed and synced; Teams webhook available,,,
Task,Proof-of-Concept,AI Agents & Agentic Workflows,Operational Agent Monitoring,Wire Operational Agent alert output to Activator for automated downstream notification,,"Principal Consultant - Data, AI & IoT",7.6,1,Connect Operational Agent output events to Activator; define rule: if pipeline failure event received send Teams alert with pipeline name failure time and error summary,Activator configured from RTI feature; Operational Agent emitting events; Activator supports Operational Agent as event source,,,
Task,Proof-of-Concept,AI Agents & Agentic Workflows,Operational Agent Monitoring,Demonstrate automated alerting by intentionally breaking the Bronze ingest pipeline,,"Principal Consultant - Data, AI & IoT",3.8,0.5,Introduce intentional failure in Bronze pipeline (bad source path); observe Operational Agent detects failure; confirm Activator fires Teams notification within latency window; fix pipeline and confirm recovery,Full agentic monitoring stack configured; Teams notification latency acceptable for demo,,,
Feature,Proof-of-Concept,Governance & Observability,,,,,,,,,,active,
Story,Proof-of-Concept,Governance & Observability,Purview Data Lineage,,,,,,,,,,active
Task,Proof-of-Concept,Governance & Observability,Purview Data Lineage,Validate auto-registration of all Fabric items in integrated Purview hub,,"Principal Consultant - Data, AI & IoT",7.6,1,Navigate to Fabric Purview hub (Settings → Governance); confirm all items auto-registered: Bronze/Silver/Gold Lakehouses Warehouse Pipelines Eventhouse; no manual scan required,Purview integration on by default for Fabric; items created and populated from previous features,,,
Task,Proof-of-Concept,Governance & Observability,Purview Data Lineage,Trace end-to-end data lineage from ADLS source through medallion tiers to Power BI report,,"Principal Consultant - Data, AI & IoT",7.6,1,In Purview hub open Bronze Lakehouse lineage view; confirm upstream link to ADLS source; trace downstream through Silver transformation Gold aggregation Warehouse load pipeline to Power BI semantic model and report,All pipelines and notebooks have run at least once; pipelines created as Fabric Data Pipeline items,,,
Task,Proof-of-Concept,Governance & Observability,Purview Data Lineage,Apply and verify sensitivity label inheritance from domain default across workspace items,,"Principal Consultant - Data, AI & IoT",7.6,1,Confirm newly created Warehouse tables and Power BI reports automatically inherit General sensitivity label from domain default via fabric-domain module; verify label visible in Purview hub; show label flows through to exported Excel/PDF,Sensitivity label published in M365 compliance centre; domain default_label_id set in fabric-domain module; MIP licensing on demo accounts,,,
Story,Proof-of-Concept,Governance & Observability,Capacity Monitoring,,,,,,,,,,active
Task,Proof-of-Concept,Governance & Observability,Capacity Monitoring,Configure Capacity Metrics dashboard with per-workspace and per-workload breakdown,,"Principal Consultant - Data, AI & IoT",7.6,1,Connect Fabric Capacity Metrics Power BI app to PoC F64 capacity; configure workspace filter; validate CU metrics visible for Spark Warehouse Eventstream and Pipeline workloads,Capacity Metrics app installed from AppSource; capacity admin permissions on demo account; capacity has been running workloads,,,
Task,Proof-of-Concept,Governance & Observability,Capacity Monitoring,Demonstrate CU consumption patterns during concurrent workload execution,,"Principal Consultant - Data, AI & IoT",7.6,1,Run Bronze pipeline Silver notebook and Warehouse query concurrently; observe CU burst behaviour in Capacity Metrics app; show smooth model averaging over 24-hour window; identify highest CU-consuming workload,Capacity Metrics app connected; synthetic workloads available to trigger on demand,,,
Task,Proof-of-Concept,Governance & Observability,Capacity Monitoring,Show chargeback model using per-workspace CU attribution in Capacity Metrics,,"Principal Consultant - Data, AI & IoT",3.8,0.5,Demonstrate per-workspace CU breakdown; explain how this supports chargeback to business units; show how multi-capacity pattern would isolate prod vs dev billing,Single workspace sufficient for concept illustration,,,
Story,Proof-of-Concept,Governance & Observability,CI/CD Gate Demonstration,,,,,,,,,,active
Task,Proof-of-Concept,Governance & Observability,CI/CD Gate Demonstration,Submit PR with hardcoded credential in notebook and show detect-secrets blocks merge,,Principal Engineer - Cloud & DevOps,3.8,0.5,Create test branch; add notebook cell containing fake connection string (format: AccountKey=AAAA...); open PR; observe detect-secrets flags credential; confirm merge blocked with annotation on failing line,CI gate pipeline configured; detect-secrets baseline file committed; branch protection requires status checks to pass,,,
Task,Proof-of-Concept,Governance & Observability,CI/CD Gate Demonstration,Submit PR with public PyPI install URL and show semgrep URL check blocks merge,,Principal Engineer - Cloud & DevOps,3.8,0.5,Add notebook cell with %pip install pandas --index-url https://pypi.org/simple; open PR; confirm semgrep custom rule fires and blocks merge; show fix using private mirror URL passes the gate,Semgrep custom rule for pypi.org URL pattern committed; CI gate running semgrep on *.Notebook/ paths,,,
Task,Proof-of-Concept,Governance & Observability,CI/CD Gate Demonstration,Demonstrate clean PR merge triggering workspace Git sync and live item update in Fabric portal,,Principal Engineer - Cloud & DevOps,3.8,0.5,Submit clean PR adding a comment to a notebook; merge to develop branch; show Fabric workspace Git status updating; sync workspace; confirm notebook item updated in Fabric portal within seconds,Workspace-git module connected to develop branch; Fabric Git sync near-real-time on branch push,,,